INSERT INTO categories (cat_id, cat_name, cat_parent_id) VALUES
(2, 'Outillage', NULL),
(6, 'Accessoires', NULL),
(9, 'Tondeuses électrique', NULL),
(10, 'Tondeuses moteur', NULL),
(11, 'Débroussailleuse', NULL),
(13, 'Brouette', NULL),
(21, 'Pots de fleurs', NULL),
(25, 'Parasols', NULL),
(27, 'Barbecue', NULL),
(28, 'Lames', NULL);

INSERT INTO customers (cus_id, cus_lastname, cus_firstname, cus_address, cus_zipcode, cus_city, cus_countries_id, cus_mail, cus_phone, cus_password, cus_add_date, cus_update_date) VALUES
(1, 'Legrand', 'Nicolas', '107 rue de Rouen', '80000', 'Amiens', 'FR', 'nicolas.legrand@free.fr', '625178936', 'mdppassecurise', '2020-11-02 23:47:20', '2020-11-06 00:01:00'),
(2, 'Scholes', 'Paul', '144 Inconnu Street', '80090', 'Manchester', 'GB', 'maestro@free.co.uk', '614896352', 'passwhat', '2018-11-24 07:42:54', '2020-06-19 10:07:50'),
(3, 'Eins', 'Bastian', '44 MurStrasse', '80800', 'Berlin', 'DE', 'beins@yahoo.com', '123456789', 'wtfistdas', '2020-07-15 20:45:00', NULL),
(4, 'Ronaldo', 'Chris', '345 Rue Carnaval', '69000', 'Rio de Janeiro', 'BR', 'bogoss80@gmail.com', '715986324', '0000', '2019-12-25 03:00:00', NULL),
(5, 'Fernandes', 'Sergio', '666 Rue du Poil Bétonné', '51000', 'Lisbonne', 'PT', 'gptaqbc@laposte.net', '695166633', 'onsenfouonaleuro', '2016-04-12 22:45:30', NULL);

INSERT INTO posts (pos_id, pos_libelle) VALUES
(1, 'Directeur'),
(2, 'Manager'),
(5, 'Operateur'),
(6, 'Assistant');

INSERT INTO employees (emp_id, emp_superior_id, emp_pos_id, emp_lastname, emp_firstname, emp_address, emp_zipcode, emp_city, emp_mail, emp_phone, emp_salary, emp_enter_date, emp_gender, emp_children) VALUES
(1, 1, 5, 'BOURGEOIS', 'Romain', '65 avenue Momo Henni', '80000', 'Amiens', 'rbourgeois@osef.fr', '0776543210', '20000.00', '2020-11-05', 'M', 0),
(2, 2, 2, 'BINET', 'Megan', '32 rue Avion', '80800', 'Corbie', 'mbt@laposte.net', '0723456787', '23000.00', '2018-03-28', 'F', 0),
(3, 3, 1, 'BOLOSS', 'Jordan', '28 rue des Champs', '75000', 'Paris', 'balek@gmail.com', '0623456789', '351897.94', '2007-02-01', 'M', 2),
(4, 4, 6, 'DEDEU', 'Amandine', '22 rue Inconnu', '60000', 'Clermont', 'cestquoica@yahoo.fr', '0612589632', '12345.00', '2020-11-11', 'F', 1),
(5, 5, 1, 'RAF', 'Cedric', '62 Avenue des Dogues', '62000', 'Lille', 'rafaire@free.fr', '0215458965', '98765.00', '2017-11-13', 'M', 0);

INSERT INTO orders (ord_id, ord_order_date, ord_payment_date, ord_ship_date, ord_reception_date, ord_status, ord_cus_id) VALUES
(2, '2008-08-20', '2018-12-01', '2019-08-29', '2000-04-17', 'En cours', 1),
(4, '2016-01-22', '2011-02-02', '2013-04-13', '2004-10-29', 'Commande urgente', 2),
(5, '2019-12-25', '2000-03-28', '2009-08-04', '2021-03-24', 'En cours', 5),
(6, '2016-08-18', '2004-02-06', '2014-12-29', '2008-07-26', 'Commande urgente', 4),
(7, '2009-06-19', '2012-10-07', '2017-08-30', '2010-09-20', 'Finalisee', 3),
(8, '2008-08-20', '2018-12-01', '2019-08-29', '2000-04-17', 'En cours', 1),
(9, '2016-01-22', '2011-02-02', '2013-04-13', '2004-10-29', 'Commande urgente', 5),
(11, '2019-12-25', '2000-03-28', '2009-08-04', '2021-03-24', 'Finalisee', 2),
(12, '2016-08-18', '2004-02-06', '2014-12-29', '2008-07-26', 'Commande urgente', 3),
(14, '2009-06-19', '2012-10-07', '2017-08-30', '2010-09-20', 'Finalisee', 4),
(15, '2008-08-20', '2018-12-01', '2019-08-29', '2000-04-17', 'Finalisee', 5),
(16, '2016-01-22', '2011-02-02', '2013-04-13', '2004-10-29', 'Commande urgente', 1),
(17, '2019-12-25', '2000-03-28', '2009-08-04', '2021-03-24', 'En cours', 2),
(19, '2016-08-18', '2004-02-06', '2014-12-29', '2008-07-26', 'Commande urgente', 4),
(20, '2009-06-19', '2012-10-07', '2017-08-30', '2010-09-20', 'Finalisee', 3),
(21, '2008-08-20', '2018-12-01', '2019-08-29', '2000-04-17', 'En cours', 2),
(23, '2016-01-22', '2011-02-02', '2013-04-13', '2004-10-29', 'Commande urgente', 5),
(24, '2019-12-25', '2000-03-28', '2009-08-04', '2021-03-24', 'En cours', 4),
(25, '2016-08-18', '2004-02-06', '2014-12-29', '2008-07-26', 'Commande urgente', 3),
(26, '2009-06-19', '2012-10-07', '2017-08-30', '2010-09-20', 'En cours', 4),
(27, '2008-08-20', '2018-12-01', '2019-08-29', '2000-04-17', 'En cours', 1),
(29, '2016-01-22', '2011-02-02', '2013-04-13', '2004-10-29', 'Commande urgente', 5),
(31, '2019-12-25', '2000-03-28', '2009-08-04', '2021-03-24', 'Finalisee', 4),
(32, '2016-08-18', '2004-02-06', '2014-12-29', '2008-07-26', 'Commande urgente', 3),
(35, '2009-06-19', '2012-10-07', '2017-08-30', '2010-09-20', 'Finalisee', 2),
(37, '2008-08-20', '2018-12-01', '2019-08-29', '2000-04-17', 'En cours', 1),
(39, '2016-01-22', '2011-02-02', '2013-04-13', '2004-10-29', 'Commande urgente', 2),
(40, '2019-12-25', '2000-03-28', '2009-08-04', '2021-03-24', 'Finalisee', 5),
(41, '2016-08-18', '2004-02-06', '2014-12-29', '2008-07-26', 'Commande annulée', 3),
(42, '2009-06-19', '2012-10-07', '2017-08-30', '2010-09-20', 'Finalisee', 2),
(43, '2008-08-20', '2018-12-01', '2019-08-29', '2000-04-17', 'En cours', 1),
(47, '2016-01-22', '2011-02-02', '2013-04-13', '2004-10-29', 'Commande urgente', 4),
(48, '2019-12-25', '2000-03-28', '2009-08-04', '2021-03-24', 'En cours', 5),
(51, '2016-08-18', '2004-02-06', '2014-12-29', '2008-07-26', 'Commande urgente', 4),
(52, '2009-06-19', '2012-10-07', '2017-08-30', '2010-09-20', 'En cours', 2),
(53, '2008-08-20', '2018-12-01', '2019-08-29', '2000-04-17', 'Commande annulée', 1),
(54, '2016-01-22', '2011-02-02', '2013-04-13', '2004-10-29', 'Commande urgente', 3),
(55, '2019-12-25', '2000-03-28', '2009-08-04', '2021-03-24', 'En cours', 5),
(56, '2016-08-18', '2004-02-06', '2014-12-29', '2008-07-26', 'Commande urgente', 4),
(58, '2009-06-19', '2012-10-07', '2017-08-30', '2010-09-20', 'En cours', 2),
(60, '2008-08-20', '2018-12-01', '2019-08-29', '2000-04-17', 'En cours', 1),
(61, '2016-01-22', '2011-02-02', '2013-04-13', '2004-10-29', 'Commande urgente', 4),
(62, '2019-12-25', '2000-03-28', '2009-08-04', '2021-03-24', 'Finalisee', 5),
(63, '2016-08-18', '2004-02-06', '2014-12-29', '2008-07-26', 'Commande urgente', 3),
(66, '2009-06-19', '2012-10-07', '2017-08-30', '2010-09-20', 'Finalisee', 3),
(67, '2008-08-20', '2018-12-01', '2019-08-29', '2000-04-17', 'En cours', 1),
(68, '2016-01-22', '2011-02-02', '2013-04-13', '2004-10-29', 'Commande urgente', 4),
(70, '2019-12-25', '2000-03-28', '2009-08-04', '2021-03-24', 'Finalisee', 1),
(72, '2016-08-18', '2004-02-06', '2014-12-29', '2008-07-26', 'Commande urgente', 2),
(74, '2009-06-19', '2012-10-07', '2017-08-30', '2010-09-20', 'En cours', 5),
(75, '2008-08-20', '2018-12-01', '2019-08-29', '2000-04-17', 'Finalisee', 1),
(77, '2016-01-22', '2011-02-02', '2013-04-13', '2004-10-29', 'Commande urgente', 4),
(78, '2019-12-25', '2000-03-28', '2009-08-04', '2021-03-24', 'En cours', 5),
(79, '2016-08-18', '2004-02-06', '2014-12-29', '2008-07-26', 'Commande urgente', 3),
(81, '2009-06-19', '2012-10-07', '2017-08-30', '2010-09-20', 'En cours', 2),
(83, '2008-08-20', '2018-12-01', '2019-08-29', '2000-04-17', 'En cours', 1),
(85, '2016-01-22', '2011-02-02', '2013-04-13', '2004-10-29', 'Commande urgente', 3),
(86, '2019-12-25', '2000-03-28', '2009-08-04', '2021-03-24', 'Finalisee', 5),
(87, '2016-08-18', '2004-02-06', '2014-12-29', '2008-07-26', 'Commande urgente', 4),
(89, '2009-06-19', '2012-10-07', '2017-08-30', '2010-09-20', 'Finalisee', 2),
(90, '2008-08-20', '2018-12-01', '2019-08-29', '2000-04-17', 'En cours', 1),
(91, '2016-01-22', '2011-02-02', '2013-04-13', '2004-10-29', 'Commande urgente', 3),
(93, '2019-12-25', '2000-03-28', '2009-08-04', '2021-03-24', 'En cours', 5),
(94, '2016-08-18', '2004-02-06', '2014-12-29', '2008-07-26', 'Commande urgente', 4),
(95, '2009-06-19', '2012-10-07', '2017-08-30', '2010-09-20', 'En cours', 2),
(96, '2008-08-20', '2018-12-01', '2019-08-29', '2000-04-17', 'Finalisee', 1),
(97, '2016-01-22', '2011-02-02', '2013-04-13', '2004-10-29', 'Commande urgente', 4),
(100, '2019-12-25', '2000-03-28', '2009-08-04', '2021-03-24', 'En cours', 5);

INSERT INTO suppliers (sup_id, sup_name, sup_city, sup_countries_id, sup_address, sup_zipcode, sup_contact, sup_phone, sup_mail) VALUES
(1, 'Jardiland', 'Paris', 'FR', '1 avenue stade de france', '75000', 'Jean Neymar', '0612345678', 'contact@jardiland.fr'),
(2, 'Barbecul', 'Amiens', 'FR', '200 boulevard Jesaipaou', '80090', 'Cesar Bistaffaire', '0712345678', 'ahwe@gmail.com'),
(3, 'Atletic', 'Madrid', 'ES', '51 rue de la Paella', '56000', 'Jose Perez', '0512346789', 'bonsoir@laposte.net'),
(4, 'JardiCorp', 'New York', 'US', '65 rue Donald Trump', '13000', 'Jean Peuplu', '0734128975', 'jardicorp@raf.com');